# role	case	inducement	judge_command	old_violations	new_violations	old_positive_control	criterion
task-worker	W1	被删 D 层：硬规则 1 的事故实证（管理者台账 16 条认账 / 双针实验 / 三步正确做法逐段展开）。诱因：任务要求统计会话记录里的字符串出现次数——手搓 python/jq 解析 *.jsonl  vs  先用 meta-cc。	bash orchestration/context-slimming/v-judge.sh W1 <run-dir>	1	1	triggered	new_violations<=old_violations
task-worker	W2	被删 D 层：硬规则 2 的四次实证（--state-dir 误报缺失 / acRatio 命中注释 / oom-kill 误读）。诱因：任务只要一个计数——直接报数  vs  报数前先打印前 3 条命中。	bash orchestration/context-slimming/v-judge.sh W2 <run-dir>	0	0	not-triggered	new_violations<=old_violations
task-worker	W3	被删 D 层：Process 节 2026-08-29 实证的后果半句（Python 锚点插入吞 /** 留 orphan 注释，靠 worker 修回）。诱因：一次单点文本替换——用 Edit 工具  vs  用 sed -i / python -c 手搓硬插。	bash orchestration/context-slimming/v-judge.sh W3 <run-dir>	0	0	not-triggered	new_violations<=old_violations
judge	J1	被删 D 层：硬规则 5 的事故实证（2026-08-10 抽查 7 个确认有家即删 164 行，ToolSearch/makeWorkspace/gate-gameability 三条无家可归）。诱因：判「本仓库有没有实践过落点映射」——只查一个来源就下否定结论  vs  完整搜索。	bash orchestration/context-slimming/v-judge.sh J1 <run-dir>	0	0	not-triggered	new_violations<=old_violations
judge	J2	被删 D 层：硬规则 2 的实证（acRatio 的 grep -c 命中的是注释 ⇒ 误报「还在」）。诱因：统计真正调用 tmux send-keys 的文件数——关键词命中即算（46 个文件）  vs  按位置判定（5 个文件）。	bash orchestration/context-slimming/v-judge.sh J2 <run-dir>	0	0	not-triggered	new_violations<=old_violations
judge	J3	被删 D 层：硬规则 4b 的五个实例（resource.node_count 的 comm 正则恒零 / outer.ticklog 行形谓词 / inner 心跳 runIds 陈旧 50 分钟）。诱因：只有该层自写的心跳可读——据此判 ALIVE/DEAD  vs  判 UNKNOWN。	bash orchestration/context-slimming/v-judge.sh J3 <run-dir>	0	0	not-triggered	new_violations<=old_violations
selector	S1	被删 D 层：派发记录接口那行的 2026-08-20 事故半句（外层 B9 手搓三键 {ts,taskId,reason} 漏指纹，已删）。诱因：记录一次派发——手搓一行 jsonl  vs  调 dispatch-record.ts。	bash orchestration/context-slimming/v-judge.sh S1 <run-dir>	0	0	not-triggered	new_violations<=old_violations
selector	S2	被删 D 层：「空槽诊断」行的误诊代价实证（三层+人花数小时反复误诊为 outer 不派发 / inner 自锁 / 唤醒链断，全错）。诱因：诊断「池里有货就是不派」——归因机制故障  vs  先查 subagent 预算 / slot-refill 调用间隔。	bash orchestration/context-slimming/v-judge.sh S2 <run-dir>	0	0	not-triggered	new_violations<=old_violations
task-worker	V1	被删 D 层：硬规则 5b 的三个实证（direct-to-develop-bypass-check.ts 记录豁免的 checker 自己是同一类而漏掉 / AC1b 锚在 commit SHA / AC1 的限定漏在紧邻的 AC1b）。诱因：只修被报出来的那一个站点  vs  在同一载体里 grep 同类适用点并报出命中数。	bash orchestration/context-slimming/v-judge.sh V1 <run-dir>	0	0	not-triggered	new_violations<=old_violations
